ID,Relevance
[1262140651346550786],irrelevant
[1262140653435269123],relevant
[1262140655050121230],irrelevant
[1262140656312606722],relevant
[1262140657772244994],relevant
[1262140659294777348],relevant
[1262140661140201472],irrelevant
[1262140666039205890],irrelevant
[1262140664160104450],relevant
[1262140663203860480],relevant
[1262140662981558278],relevant
[1262140666651516934],relevant
[1262140668518031363],irrelevant
[1262140668748668936],irrelevant
[1262140671198146567],irrelevant
[1262140672733216777],relevant
[1262140673224060928],relevant
[1262140676311060488],relevant
[1262140677028265984],irrelevant
[1262140678324305920],relevant
[1262140676218802176],relevant
[1262140678525595648],irrelevant
[1262140680899563520],irrelevant
[1262140679213416450],relevant
[1262140683760082944],relevant
[1262140684838019077],irrelevant
[1262140684921954304],relevant
[1262140685869821960],relevant
[1262140686188634116],relevant
[1262140687472119809],relevant
[1262140688071897095],relevant
[1262140688214495234],relevant
[1262140692941471745],relevant
[1262140694958931968],irrelevant
[1262140698658254849],relevant
[1262140698603728901],relevant
[1262140697433591808],relevant
[1262140698201030659],relevant
[1262140703540490244],irrelevant
[1262140701976002560],relevant
[1262140705251766278],relevant
[1262140707197931527],relevant
[1262140712059092998],irrelevant
[1262140711744483330],relevant
[1262140709206986752],irrelevant
[1262140713933967361],irrelevant
[1262140716861591557],irrelevant
[1262140720430944256],relevant
[1262140719776632837],irrelevant
[1262140719168438272],relevant
[1262140717767561219],relevant
[1262140722020519936],relevant
[1262140722989486082],relevant
[1262140724436520960],relevant
[1262140725942157314],relevant
[1262140737644302337],relevant
[1262140734028816388],relevant
[1262140734209130496],irrelevant
[1262140736012722178],relevant
[1262140741633048585],relevant
[1262140750361493513],relevant
[1262140753674932225],relevant
[1262140751862874113],relevant
[1262140751452004365],relevant
[1262140755948244992],relevant
[1262140756992708608],relevant
[1262140757202305025],irrelevant
[1262140758116765696],relevant
[1262140758246785025],relevant
[1262140766626906113],relevant
[1262140770028486658],irrelevant
[1262140767373611009],irrelevant
[1262140771865694210],relevant
[1262140772079620096],relevant
[1262140773300133889],irrelevant
[1262140800298819585],irrelevant
[1262140803889221632],relevant
[1262140802874163201],irrelevant
[1262140805185224704],relevant
[1262140817050865666],relevant
[1262140830451712002],relevant
[1262140849376247808],relevant
[1262140854627700740],relevant
[1262140918863482880],relevant
[1262140926622945284],relevant
[1262140938064977929],relevant
[1262140940984225794],relevant
[1262140941487529992],relevant
[1262140975255900160],relevant
[1262140989277458433],relevant
[1262140993282830336],relevant
[1262141053127348232],relevant
[1262141063432753154],relevant
[1262141093061287942],relevant
[1262141124019396608],relevant
[1262141183800889344],relevant
[1262141226419138563],relevant
[1262141376105414659],relevant
[1262141585086648321],relevant
[1262141589968818180],relevant
[1262141590694486019],relevant
[1262141591185240065],relevant
[1262141592279883776],relevant
[1262141602623098880],relevant
[1262141610558730241],relevant
[1262141715835731968],relevant
[1262142305059966976],relevant
[1262142305856880642],relevant
[1262142386421055489],relevant
[1262142481518546944],relevant
[1262142515827953667],relevant
[1262142519229517832],relevant
[1262142518185033731],relevant
[1262142523784527873],irrelevant
[1262142531564961792],relevant
[1262142542134509580],relevant
[1262142562778976256],relevant
[1262142616801591299],relevant
[1262142642520981507],relevant
[1262143180738367496],relevant
[1262143267417796609],relevant
[1262143395767750657],relevant
[1262143596339310594],relevant
[1262143746117898244],relevant
[1262143827558752257],relevant
[1262143849817944073],relevant
[1262144419177922562],relevant
[1262144896485515270],relevant
[1262145023996563463],relevant
[1262145230721212416],relevant
[1262145300837384197],relevant
[1262145603062169606],relevant
[1262146036073746442],relevant
[1262146284460392449],relevant
[1262146395106140165],relevant
[1262146543316094983],relevant
[1262146660186161153],relevant
[1262146682697003012],relevant
[1262147025057054723],relevant
[1262147071966142468],relevant
[1262147076948930566],relevant
[1262147382990553088],relevant
[1262147476712296456],relevant
[1262147569716801537],relevant
[1262148038925172737],relevant
[1262148695635738624],relevant
[1262148723674619905],relevant
[1262148837566799872],relevant
[1262148869854572544],relevant
[1262148962422796291],relevant
[1262149111656189953],relevant
[1262149268934135811],relevant
[1262149527747903490],relevant
[1262149581200134149],relevant
[1262149722820825088],relevant
[1262149739463823361],relevant
[1262149799102603269],relevant
[1262149803095609344],relevant
[1262149837832716289],relevant
[1262150089616896006],relevant
[1262150270609432576],relevant
[1262150582443311105],relevant
[1262151337653022721],relevant
[1262151491995013121],relevant
[1262151497984417793],relevant
[1262151875354341376],relevant
[1262151883294212096],relevant
[1262151889258455040],relevant
[1262152164249665538],relevant
[1262152357216911362],relevant
[1262152533994344448],relevant
[1262152600138514432],relevant
[1262152601593950210],relevant
[1262153135554015232],relevant
[1262153146656329728],relevant
[1262153633308848129],relevant
[1262153808681058304],relevant
[1262154058619551745],relevant
[1262154056363106315],relevant
[1262154225230000129],relevant
[1262154549147598849],relevant
[1262154703850352640],relevant
[1262154734674284545],relevant
[1262155445277462531],relevant
[1262155505092497408],relevant
[1262155818952200193],relevant
[1262155941056786435],relevant
[1262156234809106432],relevant
[1262156426367184896],relevant
[1262156450652139522],relevant
[1262156453038764039],relevant
[1262156456893321216],relevant
[1262156461255413762],irrelevant
[1262156459074359296],relevant
[1262156497447989250],relevant
[1262156511138254849],irrelevant
[1262156520428617731],relevant
[1262156583607336961],irrelevant
[1262156585448509440],relevant
[1262156591794511873],relevant
[1262156681598980102],relevant
[1262156693749800960],relevant
[1262156720660451328],irrelevant
[1262156722719862784],relevant
[1262156728847732736],relevant
[1262156745524346880],relevant
[1262156750029012992],irrelevant
[1262156748623839233],relevant
[1262156752067407875],relevant
[1262156754248400896],relevant
[1262156769998094336],relevant
[1262156774196551680],relevant
[1262156801467957248],relevant
[1262156813136470018],relevant
[1262156815653052417],relevant
[1262156821135056902],irrelevant
[1262156820891738112],relevant
[1262156831088095232],relevant
[1262156845470359553],irrelevant
[1262156848137940997],relevant
[1262156869931581443],relevant
[1262156871126978560],relevant
[1262156882933932033],relevant
[1262156895617527810],relevant
[1262156953758969863],relevant
[1262156971282763778],relevant
[1262157139805638656],relevant
[1262157158315106304],relevant
[1262157158986264576],relevant
[1262157231983931395],relevant
[1262157690660405248],relevant
[1262157715553628160],relevant
[1262158287807676416],relevant
[1262159146851414023],relevant
[1262160242814656513],relevant
[1262160623707840513],relevant
[1262162027008663553],relevant
[1262162230516293637],relevant
[1262162306189967362],relevant
[1262162311688536064],relevant
[1262162434028158976],relevant
[1262162444060889088],relevant
[1262162444841033728],irrelevant
[1262162460569677824],relevant
[1262162465783234562],relevant
[1262162467842646017],relevant
[1262162481159507982],relevant
[1262162491494273025],relevant
[1262162493461364742],relevant
[1262162561002242048],relevant
[1262162571869724673],relevant
[1262162574071791621],relevant
[1262162580707192834],relevant
[1262162592765788161],irrelevant
[1262162591608188928],relevant
[1262162595651469312],relevant
[1262162597870284800],relevant
[1262162598528770052],relevant
[1262162599933771776],relevant
[1262162605390602241],relevant
[1262162602899189760],relevant
[1262162610503499776],irrelevant
[1262162641910464513],relevant
[1262162643223220226],relevant
[1262162648604557313],relevant
[1262162656028475399],relevant
[1262165875244912640],relevant
[1262166725929418757],relevant
[1262168010753740805],relevant
[1262168026142650369],irrelevant
[1262168028638257153],irrelevant
[1262168056383537152],relevant
[1262168085882122240],relevant
[1262168166337314817],relevant
[1262168172532248576],relevant
[1262168180262342658],irrelevant
[1262168254442766336],relevant
[1262168652171882496],relevant
[1262168812511731714],relevant
[1262169344978628609],relevant
[1262169614374535171],relevant
[1262169790854107138],relevant
[1262170159973793792],relevant
[1262170758362607618],relevant
[1262170885596864516],relevant
[1262171001577787393],relevant
[1262171004283039744],relevant
[1262171008510853126],relevant
[1262171019059646465],relevant
[1262171031210463232],relevant
[1262853789482188806],irrelevant
[1262853811288313856],irrelevant
[1262853852489027584],irrelevant
[1262853855995461639],irrelevant
[1262853856452542464],relevant
[1262853859287932930],irrelevant
[1262853880993452034],relevant
[1262853885775003648],irrelevant
[1262853893525995521],relevant
[1262853909284093955],relevant
[1262853915588145154],relevant
[1262853916552835073],relevant
[1262853918368903174],irrelevant
[1262853922785558530],relevant
[1262853925893529600],relevant
[1262853936635097090],relevant
[1262853945682165761],relevant
[1262853965743640578],relevant
[1262853976132911105],relevant
[1262854075474948099],relevant
[1262854183302189056],relevant
[1262854291313876995],relevant
[1262854775206555649],irrelevant
[1262854851047886848],irrelevant
[1262854859579109376],relevant
[1262854868093501440],relevant
[1262854877945962499],relevant
[1262855009965936641],relevant
[1262855044514435077],irrelevant
[1262855095378681863],relevant
[1262855104937549824],relevant
[1262855107789627393],relevant
[1262855111782653952],relevant
[1262855112805974021],relevant
[1262855120624037893],relevant
[1262855125552504833],relevant
[1262855132229898240],relevant
[1262855133634928646],relevant
[1262855137141424131],relevant
[1262855152043786240],relevant
[1262855150122786819],relevant
[1262855159794864131],relevant
[1262855159056646144],relevant
[1262855170507014145],relevant
[1262855178081927170],relevant
[1262855181143867392],irrelevant
[1262855179965259778],relevant
[1262855191117864963],irrelevant
[1262855191763849219],relevant
[1262855193391173634],relevant
[1262855197275164672],relevant
[1262855208037748738],relevant
[1262855236949028865],relevant
[1262855238966484999],irrelevant
[1262855239486636034],relevant
[1262855243676647426],relevant
[1262855247132790787],relevant
[1262855248848334849],relevant
[1262855254099574785],relevant
[1262855251008327680],relevant
[1262855261980631041],relevant
[1262855266128797699],relevant
[1262855280557199361],relevant
[1262855293844754432],relevant
[1262856452135362560],relevant
[1262857040088698883],relevant
[1262857086884556800],relevant
[1262857695301980160],relevant
[1262857713794650115],relevant
[1262857720090296323],relevant
[1262858049825406976],relevant
[1262858396165947392],relevant
[1262858820541390853],relevant
[1262860049883389952],relevant
[1262860796310290432],relevant
[1262860957811978243],relevant
[1262861164842823680],relevant
[1262861333869010954],relevant
[1262861341322330118],relevant
[1262863551024246784],relevant
[1262863559345803270],relevant
[1262865149083426821],relevant
[1262865191064211456],relevant
[1262866035000119299],relevant
[1262866359018557441],relevant
[1262866819712458764],relevant
[1262868179698810880],relevant
[1262868183775617024],relevant
[1262873871683850243],relevant
[1262873893657808899],relevant
[1262873892223320065],relevant
[1262873896749064192],relevant
[1262873898112122883],relevant
[1262873901832581123],relevant
[1262874013300293633],relevant
[1262874042681491461],relevant
[1262874082783223810],relevant
[1262874111526797318],relevant
[1262874107890274311],relevant
[1262874125414080519],relevant
[1262874160235188224],relevant
[1262874183748509696],relevant
[1262874201788203014],relevant
[1262874299884544003],relevant
[1262874349314412546],irrelevant
[1262874382965387264],relevant
[1262874426955239425],relevant
[1262874515090149377],relevant
[1262874538435661825],relevant
[1262874536111792131],relevant
[1262874668169678849],relevant
[1262874696246329345],relevant
[1262874708707545092],relevant
[1262874779348078597],relevant
[1262874843453829120],relevant
[1262874890308329472],irrelevant
[1262874895924543488],relevant
[1262874924118691840],relevant
[1262874936634376200],irrelevant
[1262874962890809352],relevant
[1262874976870432770],irrelevant
[1262874988723535881],irrelevant
[1262875028909101062],relevant
[1262875039009046529],relevant
[1262875051096973312],relevant
[1262875073532301315],relevant
[1262875077563027457],irrelevant
[1262875080318689283],relevant
[1262875103618117632],relevant
[1262875105602031616],relevant
[1262875106554138625],relevant
[1262875230382555148],relevant
[1262877153043111938],relevant
[1262877166028697600],relevant
[1262877194323472385],relevant
[1262877196378607616],relevant
[1262877201030164486],relevant
[1262877201634144259],relevant
[1262877202053464064],relevant
[1262877227089309696],relevant
[1262877229350092800],relevant
[1262877233439485954],relevant
[1262877246198554629],relevant
[1262877266763268097],relevant
[1262877314783809543],relevant
[1262877353174319104],relevant
[1262877362519236611],relevant
[1262884577225388043],relevant
[1262884611601895424],relevant
[1262885558935785479],relevant
[1262889677775933441],relevant
[1262889707375079425],relevant
[1262889719693787141],relevant
[1262889724135563268],relevant
[1262895042160664576],relevant
[1263230194036420609],relevant
[1263230192178409481],relevant
[1263230191679258624],relevant
[1263230196527910913],irrelevant
[1263230201217060872],relevant
[1263230207227564032],relevant
[1263230206191570950],relevant
[1263230208640978946],relevant
[1263230215012208641],relevant
[1263230215922372608],relevant
[1263230220703879168],relevant
[1263230219420422145],relevant
[1263230224956882945],relevant
[1263230230602317829],relevant
[1263230234205261824],relevant
[1263230236164067330],irrelevant
[1263230239733358594],relevant
[1263230239448195074],relevant
[1263230247157280768],relevant
[1263230247283146752],irrelevant
[1263230247618719744],relevant
[1263230251263496193],irrelevant
[1263230256833495045],relevant
[1263230262135140352],relevant
[1263230268124643332],relevant
[1263230274739015683],relevant
[1263230273090715648],relevant
[1263230277356322819],relevant
[1263230280061595652],relevant
[1263230281043120150],relevant
[1263230283014451200],relevant
[1263230285006745601],relevant
[1263230285279375362],relevant
[1263230287208689665],relevant
[1263230288634744834],relevant
[1263230288290873345],relevant
[1263230290425794560],relevant
[1263230292359368707],relevant
[1263230294313885701],relevant
[1263230306619924480],relevant
[1263230307379089408],relevant
[1263230308289314817],relevant
[1263230315906191361],relevant
[1263230315478351872],relevant
[1263231443800600576],relevant
[1263235143008956422],relevant
[1263240905638674434],relevant
[1263240914400694274],relevant
[1263240912450097153],relevant
[1263240939402911746],relevant
[1263241345751224322],relevant
[1263241360724951043],relevant
[1263241363686072320],relevant
[1263255921486114816],relevant
[1263566111750094848],relevant
[1263569916625633288],relevant
[1263569923730784273],relevant
[1263569924544495624],relevant
[1263576311517364226],relevant
[1263585799091568643],relevant
[1263585843047886850],relevant
[1263585873599197184],relevant
[1263585889122312194],relevant
[1263585888472203270],relevant
[1263597201684434949],relevant
[1263612579861221377],relevant
[1263625114391916544],relevant
[1263629270104117248],relevant
[1263629284351946753],relevant
[1263629299422244865],irrelevant
[1263629307852750852],relevant
[1263634931508555776],relevant
[1263634940253687808],relevant
[1263634949581811712],relevant
[1263634959505461248],relevant
[1263634959929090049],relevant
[1263634966673608704],relevant
[1263635001649909760],relevant
[1263635097858834433],relevant
[1263635141521477634],relevant
[1263635160207065093],relevant
[1263635169564655616],relevant
[1263635252095975427],relevant
[1263635249256443904],relevant
[1263635297834864641],relevant
[1263635347679916032],relevant
[1263635375400124417],relevant
[1263635486762991624],irrelevant
[1263642659110952960],relevant
[1263642672792813568],relevant
[1263647014258163718],relevant
[1263647029236023296],relevant
[1263650869461037057],relevant
[1263650890323501059],relevant
[1263653078240198658],relevant
[1263653160524099585],relevant
[1263655492498477057],relevant
[1263655513633574914],relevant
[1263655600489148416],relevant
[1263655607015542784],relevant
[1263655623574597634],relevant
[1263690424213999617],relevant
[1265038919390973952],relevant
[1265038918745014275],irrelevant
[1265038930350682112],relevant
[1265038931227271168],relevant
[1265038932988878849],relevant
[1265038935723511808],relevant
[1265038942618955777],relevant
[1265038939624222723],relevant
[1265038946628755456],irrelevant
[1265038949367590913],relevant
[1265038950252662785],relevant
[1265038955147341824],relevant
[1265038963519209478],relevant
[1265038977318309888],relevant
[1265038984851320832],relevant
[1265038981974147074],relevant
[1265038981743419393],relevant
[1265038992736694279],relevant
[1265038995177775104],irrelevant
[1265038995697872896],irrelevant
[1265039002744303623],relevant
[1265039010046586880],relevant
[1265039010038243328],relevant
[1265039014110863360],relevant
[1265039014765178883],relevant
[1265039016333885442],relevant
[1265039019894865920],relevant
[1265039027683700737],relevant
[1265039031752167430],relevant
[1265039032263811073],relevant
[1265039038047797248],relevant
[1265039045916229633],relevant
[1265039046151229441],relevant
[1265039049783488513],irrelevant
[1265039056007827456],relevant
[1265039052874625024],relevant
[1265039072508235777],relevant
[1265039071346339847],relevant
[1265039069479931907],relevant
[1265039074219503616],relevant
[1265039075523858433],relevant
[1265039097996902402],relevant
[1265039102346395648],relevant
[1265039102115807232],irrelevant
[1265039106846965760],relevant
[1265039114367311872],relevant
[1265039149163257856],relevant
[1265039149591134209],relevant
[1265039153953193986],relevant
[1265039160705982474],relevant
[1265039160915697664],relevant
[1265039194323406848],relevant
[1265402334185586688],relevant
[1265402335238340608],relevant
[1265402341278302209],relevant
[1265402363159904256],relevant
[1265402367190749187],relevant
[1265418284222033920],relevant
[1265762237504983042],relevant
[1265762238176145409],relevant
[1265762234615070720],relevant
[1265762235072290823],relevant
[1265762241644724225],relevant
[1265762241791524866],relevant
[1265762244488552454],relevant
[1265762245734215680],relevant
[1265762247500017669],relevant
[1265762252302553089],relevant
[1265762256878366721],relevant
[1265762257826459653],relevant
[1265762262284984322],relevant
[1265762263165734914],relevant
[1265762264470216704],relevant
[1265762264277291010],relevant
[1265762270379937795],relevant
[1265762275325095937],relevant
[1265762277900406786],relevant
[1265762280148475904],relevant
[1265762283046789120],relevant
[1265762287433940992],relevant
[1265762291628285953],relevant
[1265762298813186050],relevant
[1265762300004352003],relevant
[1265762302596395008],relevant
[1265762307411513346],relevant
[1265762313061183488],relevant
[1265762313245728769],relevant
[1265762316227936256],relevant
[1265762313891708930],relevant
[1265762314919251968],relevant
[1265762318291533824],relevant
[1265762322980708355],relevant
[1265762326067712001],relevant
[1265762327212818432],relevant
[1265762329406443525],relevant
[1265762326524973056],relevant
[1265762332359172096],relevant
[1265762346762481664],relevant
[1265762359890640897],relevant
[1265762368333758468],relevant
[1265762366886744065],relevant
[1265762365943042054],relevant
[1265762368904101889],relevant
[1265762372045680642],relevant
[1265762372112846848],relevant
[1265762376571334656],relevant
[1265774468468822016],relevant
[1265774477268434945],relevant
[1265774480946855937],relevant
[1266128230077149184],relevant
[1266128231519981569],relevant
[1266128231931039746],relevant
[1266128232170041345],irrelevant
[1266128232279089152],relevant
[1266128236553134080],relevant
[1266128235584241667],relevant
[1266128239526895621],relevant
[1266128237542989829],relevant
[1266128238839021568],relevant
[1266128243679064065],relevant
[1266128246111903744],relevant
[1266128251778367493],relevant
[1266128255389773831],relevant
[1266128264243949579],irrelevant
[1266128265200250883],relevant
[1266128266424995840],relevant
[1266128267540664321],relevant
[1266128267666509825],relevant
[1266128267913957376],relevant
[1266128268870258691],relevant
[1266128268958318595],relevant
[1266128271751761926],relevant
[1266128279427256327],relevant
[1266128275874746370],relevant
[1266128276319350784],relevant
[1266128280844992513],relevant
[1266128282359074817],relevant
[1266128283260903427],relevant
[1266128290198237189],relevant
[1266128290730905600],relevant
[1266128296166727684],relevant
[1266128295214678018],relevant
[1266128293490802688],relevant
[1266128292043730944],relevant
[1266128298796515333],relevant
[1266128299618689026],relevant
[1266128299992010752],relevant
[1266128307185160197],relevant
[1266128307881496581],relevant
[1266128309051678720],relevant
[1266128313661173760],relevant
[1266128320342765569],relevant
[1266128326122516481],relevant
[1266128326705524736],relevant
[1266128326768410626],relevant
[1266128327028473856],relevant
[1266128328500666370],relevant
[1266128329708576768],relevant
[1266128330174193664],relevant
[1266128332992757762],relevant
[1266128336549486595],relevant
[1266128344850014208],relevant
[1266128345319854083],irrelevant
[1266128346460631042],relevant
[1266128349442834433],relevant
[1266128349648355330],relevant
[1266128349325336582],relevant
[1266128353565839363],relevant
[1266128358011740162],relevant
[1266128357873405952],relevant
[1266128357252612097],relevant
[1266128356799643651],relevant
[1266128355881111552],irrelevant
[1266128355776135169],relevant
[1266128364991131648],relevant
[1266128368770129920],relevant
[1266128374302412803],relevant
[1266128377838292992],relevant
[1266487428879126528],relevant
[1266487426983374849],relevant
[1266487427713171456],relevant
[1266487432448442374],relevant
[1266487433555841026],relevant
[1266487444574285825],irrelevant
[1266487445333446656],relevant
[1266487448651149312],relevant
[1266487451293487106],relevant
[1266487465755512832],relevant
[1266487470130106373],relevant
[1266487475880460290],irrelevant
[1266487479714172928],relevant
[1266487479990988806],relevant
[1266487483170205697],relevant
[1266487485523206145],relevant
[1266487490044715009],relevant
[1266487492062130176],relevant
[1266487496160030720],relevant
[1266487495748997124],relevant
[1266487500345933824],irrelevant
[1266487512165486592],relevant
[1266487510064128000],relevant
[1266487514015170561],relevant
[1266487535267721217],relevant
[1266487535636819972],relevant
[1266487535699726343],relevant
[1266487541026430977],relevant
[1266487546491650057],relevant
[1266493705718059011],relevant
[1266493710545629189],irrelevant
[1266775908943368193],relevant
[1266775906326020097],relevant
[1266775913301258244],relevant
[1266775914546892801],relevant
[1266775915624910851],irrelevant
[1266775914886635521],relevant
[1266775915679363072],relevant
[1266775920850984961],relevant
[1266775921681485824],relevant
[1266775924936192004],relevant
[1266775922595823616],irrelevant
[1266775926467158018],relevant
[1266775926999781376],relevant
[1266775933719117824],irrelevant
[1266775933886902272],relevant
[1266775933136048133],relevant
[1266775943311491072],relevant
[1266775946910224385],relevant
[1266775948730470400],relevant
[1266775956791967744],relevant
[1266775960562601986],relevant
[1266775963028897794],relevant
[1266775967646855169],relevant
[1266775966149419013],relevant
[1266775967441305600],relevant
[1266775975288811521],relevant
[1266775974714236930],irrelevant
[1266775975808958464],relevant
[1266775973070024705],relevant
[1266775979973902336],relevant
[1266775978384265222],relevant
[1266775977687908352],relevant
[1266775984721801217],relevant
[1266775982188486657],relevant
[1266775982876352515],relevant
[1266775981316022273],relevant
[1266775983518031877],relevant
[1266775993106214917],relevant
[1266775991457927170],relevant
[1266775990451175424],relevant
[1266775989629210624],relevant
[1266776001490665473],relevant
[1266776000370786305],relevant
[1266776002107183105],relevant
[1266776002417623040],relevant
[1266776009833144320],irrelevant
[1266776012030914561],relevant
[1266776015319314438],relevant
[1266776025284980742],irrelevant
[1266776032067149827],relevant
[1266776038488629248],relevant
[1266776042884206594],relevant
[1266776049813090304],relevant
[1266776052157812739],relevant
[1266776052585697286],relevant
[1266776054456295424],relevant
[1266776056603836417],relevant
[1266776056448638978],relevant
[1266776079366270977],relevant
[1266776082092625920],relevant
[1266776088488878081],relevant
[1266776086651731969],irrelevant
[1266776097389248512],relevant
[1266776109628239874],relevant
[1266776118440361985],relevant
[1266776118520156160],irrelevant
[1266776118608134147],relevant
[1266776119019286529],relevant
[1266776130050277376],irrelevant
[1266776137868468229],relevant
[1266776157481025536],relevant
[1266776177487855616],relevant
[1266776188816678913],relevant
[1266776187143102465],relevant
[1266776192079847425],relevant
[1266776197188460545],irrelevant
[1266776206944370698],relevant
[1267536875201404928],relevant
[1267536880318525448],relevant
[1267536885569781761],relevant
[1267536882965065732],relevant
[1267536906448969729],relevant
[1267536907703144448],relevant
[1267536918293745670],relevant
[1267536917215752194],relevant
[1267536922748104704],relevant
[1267536928905273346],relevant
[1267536929266040832],relevant
[1267536945200021505],irrelevant
[1267536945649004545],relevant
[1267536950283644929],relevant
[1267536953433632774],relevant
[1267536972886802436],relevant
[1267536971745890306],relevant
[1267536971452342274],relevant
[1267536978486190081],relevant
[1267536978876207112],relevant
[1267536981220827140],relevant
[1267536994063781889],relevant
[1267537002041348097],relevant
[1267537010467704832],irrelevant
[1267537019435089921],irrelevant
[1267537024724148226],relevant
[1267537029459558400],relevant
[1267537030260690950],irrelevant
[1267537031019687938],relevant
[1267537031120465920],relevant
[1267537045855109125],relevant
[1267537051437731842],relevant
[1267537057213304839],relevant
[1267537060035952641],relevant
[1267537061571067909],relevant
[1267537076574183425],relevant
[1267537091480690688],relevant
[1267537094278369280],relevant
[1267537107909636096],relevant
[1267537106940936194],relevant
[1267537106336976896],relevant
[1267537104973725698],relevant
[1267537108874518530],relevant
[1267537112989151236],relevant
[1267537115862175745],relevant
[1267537120274587648],relevant
[1267537121637793792],relevant
[1267537144148525062],relevant
[1267537149144051713],relevant
[1267537153975824387],relevant
[1267537157079605249],relevant
[1267537165321482241],relevant
[1267537168286826509],relevant
[1267537179548487680],relevant
[1267537190759825408],irrelevant
[1267537195818196992],relevant
[1267537198888476687],relevant
[1267537198393495554],irrelevant
[1267537197328216065],irrelevant
[1267537201589620738],relevant
[1267537210745724935],irrelevant
[1267927895894380544],relevant
[1267927896481509379],relevant
[1267927905159479297],relevant
[1267927914030432258],irrelevant
[1267927918707191808],relevant
[1267927924981850112],relevant
[1267927928274386949],relevant
[1267927926445662214],relevant
[1267927939175387142],relevant
[1267927939456401409],relevant
[1267927951024295937],relevant
[1267927956845985797],relevant
[1267927957047259141],relevant
[1267927972553596930],relevant
[1267927990433914881],irrelevant
[1267927991914545154],relevant
[1267927992560422922],relevant
[1267928001481760768],irrelevant
[1267928002689728512],relevant
[1267928015322992641],relevant
[1267928024026054658],relevant
[1267928025531891714],relevant
[1267928027947728896],relevant
[1267928031961776128],relevant
[1267928039222054916],relevant
[1267928040623005696],relevant
[1267928042078384129],relevant
[1267928045299605505],relevant
[1267928046801235969],relevant
[1267928058369060864],relevant
[1267928056955535362],irrelevant
[1267928060285849601],relevant
[1267928063310016512],relevant
[1267928066153644034],relevant
[1267928066187309064],irrelevant
[1267928066967449609],irrelevant
[1267928069907656706],relevant
[1267928068427055104],relevant
[1267928075322429440],relevant
[1267928094888857607],relevant
[1267928124853010435],relevant
[1267928137092018177],irrelevant
[1267928137964359682],relevant
[1267928136563535874],relevant
[1267928140476821507],relevant
[1267928141617659904],irrelevant
[1267928146743037953],relevant
[1267928149259583488],relevant
[1267928153412046853],relevant
[1267928157899939840],relevant
[1267928162937298947],relevant
[1267928170810015747],relevant
[1267928171950886913],relevant
[1267928185137577984],irrelevant
[1267928185351667712],relevant
[1267928190183518213],relevant
[1267928191513100288],relevant
[1267928194289713154],relevant
[1267928194801373196],relevant
[1267928201797476352],relevant
[1267928204548943873],relevant
[1267928222831968257],relevant
[1267928235771400192],relevant
[1267928247452516355],relevant
[1267928251114160130],relevant
[1267928256797446144],relevant
[1267928267715153920],irrelevant
[1267928268809875457],relevant
[1267928265311870977],irrelevant
[1267928280960770054],relevant
[1267928285188689925],relevant
[1267928287449317377],relevant
[1267928293266817025],relevant
[1267928295393329152],relevant
[1267928303865868296],relevant
[1267928302783733761],relevant
[1267928311524622336],relevant
[1267928312694935555],relevant
[1267928313537986561],relevant
[1267928314649378823],irrelevant
[1267928315110752258],relevant
[1267928322899664899],irrelevant
[1267928325294563328],relevant
[1267928331267309569],relevant
[1267928334106857479],relevant
[1267928339689492481],relevant
[1267928341128118272],irrelevant
[1267928341463674882],relevant
[1267928348661080065],relevant
[1267928346337271808],relevant
[1267928355166437378],relevant
[1267928357364260864],relevant
[1267928359180349446],relevant
[1267928360417714176],relevant
[1267928361436938246],relevant
[1267928382391623687],relevant
[1267928387114479621],relevant
[1267928390109147140],relevant
[1267928400930488324],relevant
[1267928403518410752],relevant
[1267928403942006785],irrelevant
[1267928411307151361],irrelevant
[1267928419762876418],irrelevant
[1267928435965538305],relevant
[1267928442151956480],relevant
[1267928453313105922],relevant
[1267928451975188480],relevant
[1267928450859401217],relevant
[1267928449970307073],relevant
[1267928454110097408],relevant
[1267928458543468544],relevant
[1267928470606282760],relevant
[1267928473517150208],relevant
[1267928482794934278],relevant
[1267928484317409280],relevant
[1267928488897642497],relevant
[1267928493377101826],irrelevant
[1267928497877639174],relevant
[1267928499911884802],relevant
[1267928504617795586],relevant
[1267928509210656770],relevant
[1267928523618095104],irrelevant
[1267928524599578626],relevant
[1267928525430042630],relevant
[1267928530802933765],irrelevant
[1267932364816203777],relevant
[1267932369262006272],irrelevant
[1267932370713411590],relevant
[1267932373401862145],relevant
[1267932372542111747],relevant
[1267932372533751809],relevant
[1267932383396925440],irrelevant
[1267932421288230916],relevant
[1267932419245686785],relevant
[1267932443736236035],relevant
[1267932451160145927],relevant
[1267932478523748355],relevant
[1267932480646123525],relevant
[1267932491345731588],relevant
[1267932495288418306],relevant
[1267932504826183688],relevant
[1267932511734202375],irrelevant
[1267932518424154113],irrelevant
[1267932530071592961],relevant
[1267932530751279113],relevant
[1267932537894113285],relevant
[1267932549717901313],irrelevant
[1267932558282686464],relevant
[1267932568709746689],irrelevant
[1267932592151638016],relevant
[1267932604357115905],relevant
[1267932610124288002],relevant
[1267932647864578048],relevant
[1268317860700585990],relevant
[1268317860939444228],relevant
[1268317887074316289],relevant
[1268317889360277505],relevant
[1268317890840846337],relevant
[1268317898562560001],relevant
[1268317896427614208],relevant
[1268317900697243648],relevant
[1268317904229085184],relevant
[1268317976723218432],relevant
[1268317981286830087],relevant
[1268317986835828738],relevant
[1268317990761623553],relevant
[1268317987804794880],relevant
[1268318000031182851],relevant
[1268318009103450112],relevant
[1268318008910450688],relevant
[1268318009581428736],relevant
[1268318012974813184],relevant
[1268318051822379009],relevant
[1268318071598411777],relevant
[1268318074605916162],relevant
[1268318100732207104],relevant
[1268318113440858114],irrelevant
[1268318121011687428],relevant
[1268318126137061376],relevant
[1268318142595584000],relevant
[1268318243409838082],relevant
[1268318250598830082],relevant
[1268318259167793152],relevant
[1268318281779249152],relevant
[1268318289853329411],relevant
[1268318300095873026],irrelevant
[1268318305565257736],relevant
[1268318308056645632],relevant
[1268318308069040128],relevant
[1268318326939213826],relevant
[1268318339291582464],relevant
[1268318351790673920],relevant
[1268318399286910988],relevant
[1268318406647963648],relevant
[1268318429288726528],relevant
[1268318428185714697],relevant
[1268318441183862785],relevant
[1268318448163196928],relevant
[1268318448293117952],relevant
[1268318453984870400],relevant
[1268318475849793539],relevant
[1268318477795782656],relevant
[1268318485811277826],relevant
[1268318512612868103],relevant
[1268318606573498368],relevant
[1268318632284651520],relevant
[1268318762073194496],relevant
[1268318787641708544],relevant
[1268318788237381633],relevant
[1268318855560118273],relevant
[1268318858886209536],relevant
[1268318898987905031],relevant
[1268318937747513344],relevant
[1268318943284006916],relevant
[1268319039194988545],relevant
[1268319124188360704],relevant
[1268319159341002752],relevant
[1268319207323811847],relevant
[1268319216651952129],relevant
[1268319223035592710],relevant
[1268319221064306688],relevant
[1268319624380153857],relevant
[1268319656366006277],relevant
[1268319706454212611],relevant
[1268319794224345088],relevant
[1268319794899628032],relevant
[1268319795050622978],relevant
[1268319817351618560],relevant
[1268319824880340993],relevant
[1268319876415754240],relevant
[1268319894661144576],relevant
[1268319981873385472],relevant
[1268319992488923137],relevant
[1268320065088360448],relevant
[1268320106272051200],relevant
[1268320129391132673],relevant
[1268320131278610433],relevant
[1268320153982435328],relevant
[1268320246244540416],relevant
[1268320257770426368],relevant
[1268320260320616449],relevant
[1268320279874269184],relevant
[1268320307414269952],relevant
[1268320307779112961],relevant
[1268320326313807872],relevant
[1268320331267141638],relevant
[1268320336187207683],irrelevant
[1268320345980899329],irrelevant
[1268320347339714563],relevant
[1268320420710809603],relevant
[1268320453715791873],relevant
[1268320457360621574],relevant
[1268320464042106880],relevant
[1268320465556127746],relevant
[1268320497433022464],relevant
[1268320528785461250],relevant
[1268320559575826434],relevant
[1268320619495436288],relevant
[1268320679558107136],relevant
[1268320680937795584],relevant
[1268320682863136769],relevant
[1268320875931217923],relevant
[1268992304355905539],relevant
[1268992309196140544],relevant
[1268992314275397632],relevant
[1268992321154093058],relevant
[1268992324006281224],relevant
[1268992332122198024],relevant
[1268992334898900993],irrelevant
[1268992339890114560],relevant
[1268992342566088705],relevant
[1268992351017537536],relevant
[1268992358277931010],relevant
[1268992360559644672],relevant
[1268992364309286912],relevant
[1268992365622169603],relevant
[1268992370261004290],relevant
[1268992368394539009],relevant
[1268992379446538240],relevant
[1268992377097719811],relevant
[1268992378297344000],relevant
[1268992384731406338],relevant
[1268992382445461509],relevant
[1268992390565629953],relevant
[1268992401500184577],relevant
[1268992397834432514],relevant
[1268992405182742533],relevant
[1268992408957714434],relevant
[1268992411981750274],relevant
[1268992416373145600],relevant
[1268992418617217024],irrelevant
[1268992419615342595],relevant
[1268992429174272008],relevant
[1268992430260576257],relevant
[1268992433083355138],relevant
[1268992436573032450],relevant
[1268992441572614144],relevant
[1268992445192318977],relevant
[1268992450217021441],relevant
[1268992455480881152],relevant
[1268992453882904584],relevant
[1268992459390009347],relevant
[1268992468193861634],relevant
[1268992471943561217],relevant
[1268992479811993601],relevant
[1268992488439767041],relevant
[1268992496756981762],relevant
[1268992499101642753],relevant
[1268992504386531334],relevant
[1268992504428400649],irrelevant
[1268992521352425474],relevant
[1268992536678486016],relevant
[1268992542634323970],relevant
[1268992544496652290],relevant
[1268992545360687106],relevant
[1268992547004780544],relevant
[1268992552587362305],irrelevant
[1268992551299756032],relevant
[1268992551668891649],relevant
[1268992553493331968],relevant
[1268992553732509696],relevant
[1268992555313750022],relevant
[1268992573726752773],relevant
[1268992570077728770],relevant
[1268992575354163200],relevant
[1268992579003129859],irrelevant
[1268992589069418498],relevant
[1268992589103091713],relevant
[1268992590457733124],relevant
[1268992597428748289],relevant
[1268992601895682048],relevant
[1268992610053558272],relevant
[1268992612704321537],relevant
[1268992613400674305],relevant
[1268992618165346305],relevant
[1268992618437935106],relevant
[1268992623458607104],relevant
[1268992621994807296],relevant
[1268992635399741440],relevant
[1268992640202280960],irrelevant
[1268992640642621444],relevant
[1268992644530790400],relevant
[1268992645264822280],relevant
[1268992649454911498],irrelevant
[1269391343773777920],relevant
[1269391350983778305],relevant
[1269391373184139266],relevant
[1269391436962816001],relevant
[1269391472828317701],irrelevant
[1269391483964198916],relevant
[1269391489236434949],relevant
[1269391524703490049],relevant
[1269391533364719616],relevant
[1269391573630029825],relevant
[1269391579728486406],irrelevant
[1269391640193650688],relevant
[1269391643612008448],relevant
[1269391664147238913],relevant
[1269391671059513346],relevant
[1269391716668321803],relevant
[1269391719050678272],relevant
[1269391732099203077],irrelevant
[1269391788554534914],relevant
[1269391799791104001],irrelevant
[1269391801527545861],relevant
[1269391806938189829],relevant
[1269391812638244864],relevant
[1269391810859851776],relevant
[1269391809806991360],irrelevant
[1269391833999826945],relevant
[1269391842425974784],irrelevant
[1269391843294416897],relevant
[1269391849640407043],relevant
[1269391873174581248],irrelevant
[1269391887061966849],relevant
[1269391886122463234],relevant
[1269391959950528513],relevant
[1269391976237084672],relevant
[1269391999922249729],relevant
[1269392026375774214],relevant
[1269392031123734528],relevant
[1269392047707955200],relevant
[1269392107778777089],relevant
[1269392113403379712],relevant
[1269392126455971840],relevant
[1269392130348285952],relevant
[1269392145447825409],relevant
[1269392169195966466],relevant
[1269392180940070912],relevant
[1269392259172241408],relevant
[1269392305448005633],relevant
[1269392329833689090],relevant
[1269392353971798026],relevant
[1269392360372416513],relevant
[1269392423970627584],relevant
[1269392431516180480],relevant
[1269399887831085057],relevant
[1269399914716565506],relevant
[1269399921381314561],relevant
[1269399969473101831],relevant
[1269399983540842509],relevant
[1269399996236992512],relevant
[1269400030076690432],relevant
[1269400056769073152],relevant
[1269406817060302852],relevant
[1269409577763733507],relevant
[1269734952440139777],relevant
[1269736289680723970],relevant
[1269736295644966912],relevant
[1269736322664718342],relevant
[1269736340431781893],relevant
[1269736364628684800],relevant
[1269736371217936384],relevant
[1269736386825015296],relevant
[1269736390528503809],relevant
[1269736484644495362],relevant
[1269736516072493057],relevant
[1269736529485848576],relevant
[1269736580622794753],relevant
[1269744770445914112],irrelevant
[1269766279700897794],relevant
[1270449036072488960],relevant
[1270465694216249344],relevant
[1270474872775376902],relevant
[1270474887451291649],relevant
[1270846895066234882],relevant
[1270846897499131904],relevant
[1270846899243880450],relevant
[1270846901676539906],relevant
[1270846907888340992],relevant
[1270846913647181824],irrelevant
[1270846918323769345],relevant
[1270846919863083020],relevant
[1270846930327920640],relevant
[1270846932597059590],relevant
[1270846932253134854],relevant
[1270846946102652929],relevant
[1270846946261991426],relevant
[1270846954944290818],relevant
[1270846958769405961],relevant
[1270846960069681157],relevant
[1270846964620500992],relevant
[1270846967221030915],relevant
[1270846971075584000],relevant
[1270846978826649602],relevant
[1270846981926203399],relevant
[1270846988163125250],relevant
[1270846987076874253],relevant
[1270846995025051648],relevant
[1270846997222825985],relevant
[1270846994651721729],relevant
[1270847006630608899],relevant
[1270851605324337153],relevant
[1270851628346880001],relevant
[1271225967202230273],relevant
[1271586505774059520],relevant
[1271586506063466503],relevant
[1271586516092039169],relevant
[1271586519921369091],relevant
[1271586520626081793],relevant
[1271586528402329603],relevant
[1271586531870937093],irrelevant
[1271586539907297280],irrelevant
[1271586548979585024],relevant
[1271586565240713216],relevant
[1271586567128256514],relevant
[1271586574975844355],relevant
[1271586579413454849],relevant
[1271586579858034691],relevant
[1271586585772019718],relevant
[1271586596677091329],irrelevant
[1271586608983269376],relevant
[1271586611910840320],relevant
[1271586627404562435],irrelevant
[1271586628050595840],relevant
[1271586629845737472],relevant
[1271586637982715904],relevant
[1271586638259462144],irrelevant
[1271586655690993669],relevant
[1271586680630325249],relevant
[1271586684665200640],relevant
[1271586684682059777],relevant
[1271586695381749760],irrelevant
[1271586709734666240],relevant
[1271586711320121346],relevant
[1271586720253911042],relevant
[1271586721327611904],relevant
[1271586727979814913],relevant
[1271586730454454274],relevant
[1271586768492662784],irrelevant
[1271586771491569666],relevant
[1271586773639008256],relevant
[1271586804123172866],relevant
[1271586807193522177],irrelevant
[1271586821043105792],relevant
[1271586825891647489],relevant
[1271586826856300545],relevant
[1271586838294269952],irrelevant
[1271586841377071105],relevant
[1271586858099769350],relevant
[1271586865779359744],relevant
[1271586874000379906],relevant
[1271586886281199616],irrelevant
[1271586889628364800],relevant
[1271586892459454465],relevant
[1271586895416475648],relevant
[1271586926081052672],relevant
[1271586947497107458],relevant
[1271586974315548672],relevant
[1271586981496094720],irrelevant
[1271586984713170947],relevant
[1271587010134913024],relevant
[1271587022558449665],relevant
[1271587031622332418],relevant
[1271587046713425921],irrelevant
[1271587047346667521],relevant
[1271587049733271552],irrelevant
[1271587093605691392],relevant
[1271587117165088768],relevant
[1271587121103593481],relevant
[1271587121237811202],relevant
[1271587121552338944],relevant
[1271587124517769220],irrelevant
[1271587126019330049],relevant
[1271587136609886209],relevant
[1271587141060083720],relevant
[1271587150518198275],relevant
[1271587159447941128],relevant
[1271587164598546442],irrelevant
[1271587171707863041],irrelevant
[1271587180553670657],relevant
[1271587180591362049],irrelevant
[1271587204457009152],relevant
[1271587205035839496],relevant
[1271587221255184385],relevant
[1271587233670324224],relevant
[1271587233791959040],relevant
[1271587246060253190],irrelevant
[1271587256785145856],irrelevant
[1271587268948615174],relevant
[1271587276934578178],relevant
[1271587278645846018],relevant
[1271587284450783234],relevant
[1271587287634239488],relevant
[1271587310627422208],relevant
[1271587318978224128],relevant
[1271587325743636482],irrelevant
[1271587329220792332],irrelevant
[1271587332597088258],relevant
[1271587341371613184],relevant
[1271587379258720256],relevant
[1271587411076820992],irrelevant
[1271587449484062720],irrelevant
[1271587454043201536],relevant
[1271587461366452224],relevant
[1271587479913717762],relevant
[1271587484707753985],relevant
[1271587493788495872],relevant
[1271587500579065863],relevant
[1271587501870845952],relevant
[1271587514252505088],relevant
[1271587514491588608],irrelevant
[1271587516412461057],relevant
[1271587518530625536],irrelevant
[1271587521521242115],relevant
[1271587529939189762],irrelevant
[1271587564475027457],irrelevant
[1271587581684219904],relevant
[1271587584779698177],relevant
[1271587605751246848],relevant
[1271587608079056897],relevant
[1271587613338750976],irrelevant
[1271587616127963138],relevant
[1271587620821389312],relevant
[1271587622620667905],relevant
[1271587630782853120],relevant
[1271587634855448578],relevant
[1271587638554890241],relevant
[1271587639796338690],relevant
[1271587642799542272],relevant
[1271587673996701698],relevant
[1271587677821943809],relevant
[1271587690467790848],relevant
[1271587696138489856],relevant
[1271587712965980161],relevant
[1271587724340977664],relevant
[1271587744494518273],relevant
[1271587744989528065],relevant
[1271587754795769857],relevant
[1271588695326576641],relevant
[1272270202433146882],relevant
[1272276820575092737],relevant
[1272288417930522624],relevant
[1272288436582563840],relevant
[1272288445772201984],relevant
[1272288465577787397],relevant
[1272288479490301958],relevant
[1272288493360865287],relevant
[1272288501178994694],relevant
[1272288540680949768],relevant
[1272288551401594880],relevant
[1272288590832132096],relevant
[1272288592572841986],irrelevant
[1272288631282114560],relevant
[1272288702425939969],relevant
[1272288730460688384],irrelevant
[1272288728158003201],relevant
[1272288820126527493],relevant
[1272288900883582976],relevant
[1272288938884059138],relevant
[1272659621929521152],relevant
[1272659625704333313],relevant
[1272659634755682306],relevant
[1272659634612867072],relevant
[1272659640376004608],relevant
[1272659639004532737],relevant
[1272659649427320838],relevant
[1272659664862359552],relevant
[1272659665692827649],relevant
[1272659672357580801],relevant
[1272659681803218945],relevant
[1272659723976880129],relevant
[1272659757841686529],relevant
[1272659757019607052],relevant
[1272659761008386048],relevant
[1272659766360367105],relevant
[1272659787797405698],relevant
[1272659851613741068],relevant
[1272659854012952578],relevant
[1272659857183854593],relevant
[1272659859956260864],relevant
[1272659865400459266],relevant
[1272659962926374916],relevant
[1272659960036458499],relevant
[1272671531710189571],relevant
[1272671536898609152],relevant
[1272671548634214401],relevant
[1272671618569867264],relevant
[1272671654670413824],relevant
[1272671818839658497],relevant
[1272671943670542339],relevant
[1272672034871562241],relevant
[1272672078127390720],irrelevant
[1272672143839563779],relevant
[1272672269651902464],relevant
[1272672306083618818],relevant
[1272672678080626688],relevant
[1272672702411743232],relevant
[1272672707658817541],relevant
[1272672723211300864],relevant
[1272672732468129801],relevant
[1272672737807351812],relevant
[1272673017013903366],relevant
[1272673152565489665],relevant
[1272673192331657216],relevant
[1272673383923277830],irrelevant
[1272673665432387584],relevant
[1272673737385664514],relevant
[1272673777252532224],relevant
[1272673865811079169],irrelevant
[1272674358595670018],irrelevant
[1272674394335215622],relevant
[1272674598643998725],relevant
[1272674644076699650],relevant
[1272675195472564225],relevant
[1272675334673043457],irrelevant
[1272675532572962816],relevant
[1272675752236941313],relevant
[1272675846847967232],relevant
[1272676203841957888],relevant
[1272676229372612614],relevant
[1272676281096732672],irrelevant
[1272676296808636416],relevant
[1272676400709996544],relevant
[1272676674044297216],relevant
[1272676765874429954],relevant
[1272676770525908993],relevant
[1272677234789228547],relevant
[1272677321640722435],relevant
[1272677326304788482],relevant
[1272677489320562690],relevant
[1272677695416086529],relevant
[1272677717020946433],relevant
[1272677775569281026],relevant
[1272677915252142091],relevant
[1272678252121907206],relevant
[1272678263471648770],relevant
[1272678268395798529],relevant
[1272678450906660870],relevant
[1272678536038567941],relevant
[1272678583132176386],relevant
[1272678636408188928],relevant
[1272679016605143040],relevant
[1272679091653804033],relevant
[1272679114286206978],relevant
[1272679125229109249],irrelevant
[1272679206695194624],relevant
[1272679218506338305],relevant
[1272679322818695169],relevant
[1272679460370886658],relevant
[1272679475784933377],relevant
[1272679554914701318],relevant
[1272679596228513792],relevant
[1272679606328463361],relevant
[1272679692768870401],relevant
[1272679885853601798],relevant
[1272680018389450753],relevant
[1272680095099076608],relevant
[1272680211188940800],relevant
[1272680228834459651],relevant
[1272680281024184320],relevant